volume,close_lag1,close_lag2,close_lag3,close_lag4,close_lag5,close_lag6,ma_3,rsi_3,ma_6,rsi_6,ma_9,rsi_9,ma_12,rsi_12,event,close
-0.4720111385319491,-0.9636315266402716,-0.9404203727038135,-0.9364952785320307,-0.8079197382521817,-0.8562898377880851,-0.8301885083140083,1.8358733167472985,-1.8643103760571045,6.12360186090986,-1.8889794276526974,8.547622915385608,-1.9382342953951404,8.754224680976975,-1.9687459944932622,-0.5915484992992741,2.3385714285714285
-0.19782161451267813,-0.9656674666826408,-0.9558990864823362,-0.9363134867885572,-0.9350174257172388,-0.8058857816837761,-0.8526588665962069,-1.296159587082709,-1.2487932429570254,2.197775627975931,-1.6576592276702613,3.925118934181557,-1.7904309808486571,5.429749340791152,-1.8589034836079938,-0.5915484992992741,2.9457142857142857
-0.7322642296282745,-0.9531272562767443,-0.957956950163874,-0.9520384725990179,-0.9348325563536533,-0.9353482545544327,-0.8015435756596473,-0.09041724989649866,-1.3498036866095644,0.3418026425833874,-1.6908635089720623,2.749278300478443,-1.8111976724779526,4.712446281992966,-1.873679993952404,-0.5915484992992741,2.75
-0.5785787553063124,-0.9571696299840569,-0.9452817028500548,-0.9541290776489636,-0.9508237563038022,-0.9351599455029845,-0.9328328503254684,-0.030922698322039727,-1.052347652402258,-0.16663551926492537,-1.596499702743196,1.563296972682398,-1.755597327611747,2.9959612450230257,-1.8340919727101275,-0.5915484992992741,2.9414285714285713
-0.7015599760466495,-0.9532157754090212,-0.9493676061018036,-0.9412521624862549,-0.952949753985036,-0.9514486784532562,-0.9326418841077726,-1.5934912009930913,-0.12366030280352017,-1.2293218381194557,-1.2195869966527395,0.07450430702879264,-1.5318032935228618,1.0841332528632888,-1.6755362815096098,-0.5915484992992741,3.6785714285714284
-0.5679804041960839,-0.9379904846573918,-0.9453711751840347,-0.9454030739622339,-0.9398548407310603,-0.953614232544911,-0.949160461938454,1.1009151761378981,-0.9452873881948234,0.12178200774159496,-1.4248598444728746,0.08305348069716922,-1.638528912935757,1.1713675678889952,-1.7448300724961041,-0.5915484992992741,2.9842857142857144
-1.1520157020963953,-0.9523305840862523,-0.9299819337394918,-0.9413430583579916,-0.9440760245329302,-0.9402756747339946,-0.9513565734419551,0.6947147935578686,-0.6931207625943419,0.06949021554916653,-1.3268607553185339,-0.12920252348486116,-1.5821829481820737,0.6358452462762243,-1.7059141067189048,-0.5915484992992741,3.1471428571428572
-0.9748815518784959,-0.9489668570597293,-0.9444764518442358,-0.9257089684192678,-0.9399472754128531,-0.9445753980753959,-0.9378297996885068,1.0316155172055939,-1.1629536519211077,0.8208417025812645,-1.456752963980939,0.30282164673782236,-1.6471436942989754,0.7370598499682747,-1.7468106623024324,-0.5915484992992741,2.7857142857142856
-0.9699365930160874,-0.9564319705484159,-0.9410765031529994,-0.9404340996406241,-0.9240485101444968,-0.9403698292597188,-0.9421901949925596,1.8439535419168043,-1.4956398976263583,1.6003029111537874,-1.5739568844256757,0.8556004933284787,-1.7068424235282458,0.562789267492716,-1.7842833173601564,-0.5915484992992741,2.468571428571429
-0.7024842235759612,-0.9629823863369076,-0.9486220033186378,-0.9369800565146268,-0.9390229285949255,-0.9241752508351713,-0.9379252827973547,1.3439135562150533,-1.6528298514744695,1.8562266126130578,-1.6379848469535059,1.1888630991501519,-1.7395005307353149,0.7051233696485774,-1.8045978800912192,-0.5915484992992741,2.3057142857142856
-0.9416930898361068,-0.9663461133634305,-0.9552429560331503,-0.9446456083644276,-0.9355104106868002,-0.9394282840024778,-0.9215021880755211,-0.579759418094156,-0.6135630567868029,0.3895180055070483,-1.2970038311433338,0.4654553687275753,-1.5672005663964639,0.21841116850833855,-1.6947914404633173,-0.5915484992992741,2.652857142857143
-0.785563285753884,-0.9591760636490003,-0.9586429047243865,-0.9513719028729483,-0.9433057355179905,-0.9358504120249613,-0.9369704517088762,-1.6226211085630293,0.2782266824096457,-0.6919294944806976,-0.7934731062580862,-0.24651141002873495,-1.2875034429520587,-0.23422768663875224,-1.5127360483530121,-0.5915484992992741,3.2199999999999998
-0.7785892047776313,-0.9474620318110218,-0.9513956456720146,-0.9548259459989453,-0.9501459019706553,-0.9437907770276951,-0.933342093572657,-0.838100284484813,0.4520299208859414,-0.8841674269838298,-0.6549150762611041,-0.36684811924769656,-1.2052759726166467,-0.28159805018215733,-1.458540744313257,1.6818535764391125,3.3842857142857143
-0.746822301117889,-0.9440687984070733,-0.9395554734753412,-0.9474633803882673,-0.9536584198787804,-0.9507582119312794,-0.9413945024188274,-0.2014794010888494,0.5695535022704986,-0.8258435737685969,-0.5602346342358154,-0.4977088097637649,-1.149694146515887,-0.3164223189060969,-1.422384234417345,-0.5915484992992741,3.487142857142857
-0.42931277932248024,-0.9419443392324274,-0.9361257006727782,-0.9354348266951018,-0.9461712106535662,-0.9543360839087958,-0.9484602524735697,0.4299710253078519,-0.07039324082490048,-0.3248699950676937,-0.706050247341997,-0.30640378868360374,-1.204260597547623,-0.17916027108946658,-1.4509678161379749,-0.5915484992992741,3.35
-0.9692047015715562,-0.9447769514652886,-0.9339783646572607,-0.9319504849451924,-0.9339390210963232,-0.9467095673251426,-0.9520886106097888,-0.038381917814893675,0.3473249025298219,-0.25944331327944814,-0.4914691722191474,-0.44668295746066955,-1.0857046801135357,-0.27050092240551954,-1.3765402530542692,-0.5915484992992741,3.5342857142857143
-0.9675860954923049,-0.9409706287773812,-0.9368414793446175,-0.92976898402351,-0.9303956916276003,-0.9342497850876514,-0.9443544787931113,0.4243234631044069,-0.4879542000901664,0.27563115477812516,-0.7214269284835132,-0.1853698937712691,-1.170259031156377,-0.1669082538367458,-1.4193391450927992,-0.5915484992992741,3.358571428571429
-0.7605241534496388,-0.9445999132007348,-0.9329941689834818,-0.9326776519190865,-0.928177259264574,-0.9306405282682271,-0.9317188807222432,1.2470038683370217,-1.3352271611363058,0.8566591039471385,-1.0851339484579778,0.27407198192362586,-1.3170400569713407,0.08510767982460961,-1.4950404681905856,-0.5915484992992741,3.057142857142857
-1.1139995714871955,-0.9508257588375446,-0.9366625346766576,-0.9287691294344056,-0.9311351690819425,-0.9283808196508484,-0.9280586948830748,1.8163376173544643,-1.8301582470442792,1.5752559814272904,-1.4609132307835242,0.9375812334294615,-1.4947487151762093,0.43562747145330355,-1.5907257557674286,1.6818535764391125,2.677142857142857
-0.921326802908483,-0.9586744552327645,-0.9429554221665774,-0.932495860175613,-0.9271604777648534,-0.93139376447402,-0.925767100270726,3.347526200804051,-2.1435393359325636,3.145416566763065,-1.8906321841999192,2.2600109970796014,-1.7497934868590441,1.2768944044683639,-1.7389673052428831,-0.5915484992992741,2.064285714285714
-1.0231793497998098,-0.9713326911483633,-0.9508886357794619,-0.938888869821099,-0.930950299718357,-0.927345119867883,-0.9288225597538577,1.4613748680662368,-2.1471567729942804,2.5168247184802266,-1.8967443101789265,2.031496879775935,-1.7538344615624168,1.2499176540222823,-1.7414018117398435,1.6818535764391125,2.0542857142857143
-0.9759183980915815,-0.9715392357903428,-0.9636831795385876,-0.946948303781759,-0.9374515390044483,-0.9312054554225717,-0.9247167860733994,0.44486504633815915,-2.1716282390208983,1.918351513543837,-1.932109533807554,1.8668558929682304,-1.7761984990005728,1.3132085169169387,-1.7545657602626368,-0.5915484992992741,2.004285714285714
-0.9144958160928598,-0.9725719590002402,-0.9638919483178742,-0.9599464134401166,-0.9456474141234072,-0.9378276570651678,-0.9286315935361621,-0.8331972737797964,-0.5541483646430418,0.2958343051529458,-1.2028334359803696,0.8133642012709223,-1.4129212798141229,0.7153345458967563,-1.5455890272213397,-0.5915484992992741,2.337142857142857
-0.8825318647365131,-0.9656969730600664,-0.9649357922143063,-0.9601585038075025,-0.9588655736197731,-0.9461760250127059,-0.9353472388584623,0.3561097665963135,-1.1096157378305311,0.44690984948030243,-1.4337146974927035,1.0037897561908065,-1.5304838985999893,0.9181390478958712,-1.6098992487286672,-0.5915484992992741,2.1357142857142857
-1.199415056353429,-0.9698573722770815,-0.9579867742752006,-0.9612189556444314,-0.9590812545439563,-0.9596401221912542,-0.9438134078429734,0.6313968313979024,-1.1300908473619515,0.19377797305389025,-1.4422686451805713,0.7192770439631693,-1.5348842391529545,0.795089750100318,-1.6123037411517942,1.6818535764391125,2.1285714285714286
-0.961477616897565,-0.9700049041642097,-0.962191973972256,-0.9541593762728757,-0.9601596591648719,-0.9598598160846106,-0.9574674924082187,0.6643124008277494,-1.46633088415112,0.5097297278935202,-1.5821353661040625,0.66536921226893,-1.6061160211306462,0.8125926036995942,-1.65081474769977,-0.5915484992992741,2.0214285714285714
-1.1688140182319302,-0.9722178824711325,-0.9623410945288892,-0.9584314822445038,-0.9529805655456335,-0.9609582855513918,-0.9576902863288639,0.22175455785514506,-1.0088091001592066,0.3454239824908554,-1.4134098037767846,0.32893202274629957,-1.525981555714104,0.5810067826051593,-1.6067292985926909,-0.5915484992992741,2.0757142857142856
-1.1200540965459604,-0.9710966401289582,-0.9645779028783866,-0.9585829753640651,-0.9573249955898937,-0.953645617386819,-0.958804255932089,0.1855110784162519,-1.1114230255468942,0.4280685802245283,-1.4439873441288194,0.2275788803249442,-1.540057265163595,0.44391320317893823,-1.6139758063362162,-0.5915484992992741,2.0585714285714287
-0.55745946468095,-0.9714507166580659,-0.9634445866479746,-0.9608553721574843,-0.9574790533928816,-0.9580708800958523,-0.9513884011449044,0.23563164637978645,-1.026754068979476,0.2684773346482578,-1.4200968550324657,0.21600164068690858,-1.529678890379633,0.29173313424424235,-1.6085315813991807,-0.5915484992992741,2.064285714285714
-0.858902561785355,-0.9713326911483633,-0.9638024759838942,-0.9597040244488186,-0.9597899204377008,-0.9582278043053926,-0.9558761072607543,-1.0490131203763415,0.8006966032711679,-0.6119509811292928,-0.2191567745182577,-0.366956767564281,-0.8827006563193316,-0.2309043231800738,-1.2447022222592117,1.6818535764391125,2.4499999999999997
-1.12335933707591,-0.9633659692434409,-0.9636831795385876,-0.9600676079357657,-0.9586190811349925,-0.9605816674484954,-0.9560352457755008,-1.173246601824103,1.039776313343936,-0.9534678649416456,0.27772661603016735,-0.6167249489709328,-0.49920326134005855,-0.47843513254835957,-0.9981769611548652,-0.5915484992992741,2.7328571428571427
-1.070609199533699,-0.9575237065131645,-0.9556306694803965,-0.9599464134401166,-0.9589888198621636,-0.95938904345599,-0.9584223234966974,-0.7787229908684166,1.1398468096910839,-1.0187818763281433,0.5698119530752418,-0.7782292124913164,-0.22648686998594353,-0.5780302199495896,-0.8070902704871437,-0.5915484992992741,2.9614285714285713
-1.0878954432989212,-0.9528026861250624,-0.9497254954377232,-0.9517657849838075,-0.9588655736197731,-0.9597656615588864,-0.9572128707846245,-0.6926637875080485,1.2065977179885181,-1.0473990062642526,0.8184058081355363,-0.87509394097703,0.04295187732405565,-0.6597703519935714,-0.6034286060596215,1.6818535764391125,3.2142857142857144
-0.9035713979608689,-0.9475800573207244,-0.9449536376254618,-0.945766657449181,-0.9505464522584239,-0.9596401221912542,-0.957594803220016,0.19675217936844014,0.46502917894038354,-0.496486718457578,0.4271241302620909,-0.617334350946683,-0.1477051969489039,-0.5039253412528538,-0.6941263075094813,-0.5915484992992741,3.0985714285714288
-0.8655083512334302,-0.9499700738922011,-0.9396747699206477,-0.9409188776232201,-0.9444457632601012,-0.9511662148760839,-0.9574674924082187,0.07998134911296013,0.6649889145722683,-0.3192695994785067,0.5738951280346073,-0.5682481386157869,-0.0136312843631082,-0.5193303334813258,-0.5938300659427116,-0.5915484992992741,3.2142857142857144
-1.0161090907811667,-0.9475800573207244,-0.942090522938105,-0.9355560211907508,-0.9395159135644869,-0.9449520161782924,-0.9488740126119104,0.7039949641130528,-0.6261128762428636,0.3353350946508639,-0.18460411372883484,-0.1620302314470113,-0.4145522105376273,-0.2845322232902162,-0.7928012988895184,-0.5915484992992741,2.9785714285714286
-1.168938345945264,-0.9524486095959547,-0.9396747699206477,-0.9380102097276435,-0.9340622673387134,-0.9399304414730064,-0.942572127427951,0.3735671141282786,-0.35343920182072547,0.31135832326327206,-0.06376744527053792,-0.09144945503243636,-0.3288640588260234,-0.2640349380825424,-0.7329735696790651,-0.5915484992992741,3.04
-0.9332786840299117,-0.9511798353666523,-0.9445957482895422,-0.9355560211907508,-0.9365580037471184,-0.9343753244552836,-0.9374796949560648,-0.3571211846490437,0.3347469267003424,-0.005136693552988697,0.2998143027475689,-0.16885072324024952,-0.05372611429309221,-0.3290713875283699,-0.5336512040207494,-0.5915484992992741,3.244285714285714
-0.2277189108605894,-0.9469604233947859,-0.943313311502497,-0.940555294136273,-0.9340622673387134,-0.9369174966498348,-0.9318461915340404,-1.2003662520698584,0.9595805852165622,-0.7685072699024627,0.8929003124009304,-0.5758741940234499,0.5181842409807976,-0.5769494388402054,-0.05442261530897792,-0.5915484992992741,3.82
-0.7766093445879383,-0.9350693532922536,-0.9390484635827884,-0.9392524533080461,-0.9391461748373158,-0.9343753244552836,-0.9344242354729327,-0.585762014458869,1.0142707445758135,-0.6926825811474355,0.9668135358362345,-0.5304589744124174,0.6030411793454303,-0.5257324739826739,0.02525812730671253,-0.5915484992992741,3.9285714285714284
-0.8585741489576808,-0.9328268686079051,-0.9270293467181551,-0.9349197500885934,-0.9378212777316195,-0.93955382337011,-0.9318461915340404,0.36000366540071616,0.3266054337296619,-0.354360765507673,0.5727325286888536,-0.3223287182517673,0.36070609654051283,-0.35416043058572944,-0.10844057306341924,-0.5915484992992741,3.81
-1.004110293541499,-0.935275897934233,-0.9247627142573309,-0.9227094046519545,-0.9334152245661641,-0.9382042751680643,-0.9370977625206732,-0.2483978250624417,0.7554438386542118,-0.48807713212146353,0.8516125311083911,-0.48913004295883916,0.6226293250289286,-0.4312362622061039,0.12615437881119118,1.6818535764391125,4.111428571428571
-0.3395645909368594,-0.9290500522974234,-0.9272381154974415,-0.920406709234623,-0.9209981656453355,-0.9337162427752148,-0.9357291712938538,-0.6422768827609063,0.9886960498569906,-0.5734061958823817,1.0674531826151572,-0.6078189193258253,0.8542666914946878,-0.5086892771293041,0.3533560664423245,-0.5915484992992741,4.4399999999999995
-0.820168614567096,-0.9222635854895266,-0.9209452280075219,-0.9229214950193402,-0.9186564870399186,-0.9210681514862755,-0.9311778097721052,0.2649633350136961,0.10032329228212533,-0.07430584164312819,0.508334555968171,-0.350239481714344,0.4768499674371844,-0.34486196407856,0.1256937615201533,-0.5915484992992741,4.2542857142857144
-0.7279197970793274,-0.9260994145548594,-0.9140856824023962,-0.9165284853738543,-0.9212138465695185,-0.9186829035012646,-0.9183512454835414,-0.8695224795574896,0.8561720577723907,-0.7635696953273504,1.0259350780386456,-0.7217082030891334,0.9657410019623525,-0.6214380847218871,0.6016572973949181,-0.5915484992992741,5.032857142857142
-0.6841845916567728,-0.9100184388578866,-0.9179628168748585,-0.9095598018740355,-0.9147126072834273,-0.9212878453796317,-0.9159323400593953,-1.0556403423728493,1.027328075193087,-0.9380132451119113,1.204185323932564,-0.8042380520535405,1.1678592077918677,-0.70291174896216,0.8273892593619495,1.6818535764391125,5.524285714285715
0.46997537508593595,-0.8998682450234667,-0.9017086762018433,-0.9134986229826287,-0.9076259483459816,-0.9146656437370358,-0.9185740394041864,-2.383112640948176,1.2375527253796457,-1.9320279885300125,1.5338328223282027,-1.4615467939025322,1.626802719168427,-1.1443376261075795,1.4368205646835586,-0.5915484992992741,7.817142857142857
0.9300864382693029,-0.852510509255317,-0.8914491819054812,-0.8969858729504495,-0.9116314512236683,-0.907447130098187,-0.9118583940818863,-1.8232860673237272,1.2659048062955685,-1.895367622554106,1.5971380297169846,-1.5166903601259185,1.7326736812486268,-1.1849668322177707,1.6020545337608139,-0.5915484992992741,8.954285714285714
0.7767551806400466,-0.8290234328245089,-0.8435814832262345,-0.8865631463246334,-0.894839150697982,-0.911527159546232,-0.9045380224035496,-0.9987946533712924,1.2818519845605203,-1.714207523532804,1.6346139955581518,-1.4730685679836577,1.7976552821519616,-1.1670102632550214,1.7080576997767047,-0.5915484992992741,9.892857142857142
0.4720185720352518,-0.8096377428558642,-0.8198414906102343,-0.8379338549454632,-0.884239973852411,-0.8944224207063514,-0.9086756237869572,-1.0867920866851073,1.2965282133328528,-1.5941906240265797,1.6734856789307146,-1.4731783934766693,1.8680733973618924,-1.1865138250400655,1.8278703983140865,-0.5915484992992741,11.262857142857143
1.379380990392629,-0.7813411269046768,-0.8002470494686359,-0.8138161503113077,-0.8347874190932798,-0.883626035089986,-0.8913295256795943,6.083213892976195,-1.2808173738603497,2.4668986162189643,-0.8758740122235598,0.76478100467225,-0.6118310915415128,0.14592136703869693,-0.43709039216518897,-0.5915484992992741,6.115714285714286
0.5321415775587486,-0.8876526047692526,-0.7716457267063944,-0.7939099544009559,-0.8102614168575986,-0.8332533638275852,-0.8803807958650384,4.139265838732799,-1.3410241038124358,2.9316247852651593,-0.9484802375288867,1.0957882181976528,-0.6881920683884293,0.35301091440886817,-0.5113524946846617,-0.5915484992992741,5.841428571428572
0.29362706984854264,-0.893317829234975,-0.879101999816255,-0.7648535740691027,-0.790018221544982,-0.8082710296687869,-0.8292973326314281,1.2185396213469912,-1.482569255011101,3.3244907599115585,-1.0972765895967482,1.6821505172191256,-0.8381860736530237,0.7140571457912667,-0.6545589342655576,-0.5915484992992741,5.32
0.3475899890472363,-0.9040876569953331,-0.8848282291909686,-0.8740195160249598,-0.7604699349318936,-0.7876511885352059,-0.8039624810837932,0.39775477848578555,-1.3405345677647267,2.3925410477214295,-1.0318444612163027,1.5706376623012788,-0.7881957784850735,0.6822716779956122,-0.6122319928327513,1.6818535764391125,5.4628571428571435
0.24568114281402256,-0.9011370192527692,-0.8957140298251899,-0.8798368518161127,-0.871483987765009,-0.7575531251453975,-0.7830516802461098,0.4973109203594599,-1.4678720290254177,1.8430162377384005,-1.12337659144684,1.8069263848859785,-0.8711394573335935,0.8759636951896516,-0.6876756709409646,-0.5915484992992741,5.214285714285714
-0.3294917003509095,-0.9062711289248304,-0.8927316186925265,-0.8908958495440861,-0.8773998073997462,-0.8706327105400585,-0.7525289131177406,-0.8252024836842338,-0.3661738112628198,-0.26158374892254066,-0.6335135212560238,0.8126957269167868,-0.5166725487907917,0.41137599656943846,-0.39629331332985174,-0.5915484992992741,6.1414285714285715
-0.014419470898025576,-0.887121489975591,-0.8979210140633607,-0.8878659871528605,-0.8886460270178664,-0.8766586001864017,-0.8672041268440325,-0.9003838364145393,0.017792984904307592,-0.5973604727431288,-0.4124808582622247,0.31713856686958525,-0.35249537741387316,0.2506561405122402,-0.26013880883304696,1.6818535764391125,6.602857142857142
1.1052360366856855,-0.8775909300671099,-0.8785651658123756,-0.893137947713593,-0.8855648709581074,-0.8881140674828356,-0.8733150458102961,-0.8234258609923429,0.4726557381882705,-0.9347727252407348,-0.0892304652337265,-0.26544155884930276,-0.1069626911617785,0.018053595478060402,-0.05522973644035577,1.6818535764391125,7.328571428571428
2.124662295069145,-0.8626016903348853,-0.868931977853873,-0.8734741407945391,-0.890926082502088,-0.8849755832920317,-0.884932157386787,-1.402452235581094,0.8992434564261571,-1.3641692160636045,0.38862388708243517,-0.991623862058868,0.2900477030534943,-0.3904648378547123,0.2881913573523596,-0.5915484992992741,8.735714285714286
2.0444638825511072,-0.8335379085706314,-0.8537813292999431,-0.8636876852708806,-0.8709293796742524,-0.8904365457840304,-0.8817493870918579,-1.5891798834848228,1.0957718020677956,-1.6216651230825332,0.7555879818148252,-1.272744701459296,0.6374343094071421,-0.7190156710470594,0.6062382757162403,-0.5915484992992741,10.375714285714285
0.6758831806199185,-0.7996645872859983,-0.824404579643209,-0.8482959843234547,-0.860977245601231,-0.8700677833857138,-0.8872874074050344,-0.7657891015621053,1.1366728949018063,-1.2841719915426095,0.8498441237810074,-1.1901151651376747,0.7323508230825527,-0.7915823537930688,0.6955583390318828,1.6818535764391125,10.9
2.0597890325739323,-0.788835746770789,-0.7901664998402338,-0.8184518397698828,-0.8453249728176554,-0.8599304794494176,-0.8666312281909453,0.5171119259577494,0.2438935139035877,-0.5505943354824004,0.390361102741279,-0.7991187545593312,0.40343831617591885,-0.697598533256693,0.4310779432764639,1.6818535764391125,10.263857142857143
2.0199150236824615,-0.8019749366384259,-0.7792210509833594,-0.7836690195186136,-0.8149755856290296,-0.8439869797601341,-0.8563508801383246,0.9778746497660084,-0.44638189262427247,0.13265597490152117,-0.008317879742132198,-0.408298753699363,0.1121263143470236,-0.4933183425121865,0.19528005517796834,-0.5915484992992741,9.674285714285714
1.5577795299970743,-0.8080443984748797,-0.8048101385016109,-0.7860414017709431,-0.7682960713236814,-0.7770431119702891,-0.8088321196350345,-0.125648084624635,0.1339057766766302,0.20015817949505776,0.23155978895144633,-0.21952515576561657,0.2836272741014848,-0.4170211017492556,0.3353419564044674,-0.5915484992992741,10.27
1.423153728709775,-0.8018480592154956,-0.7986365474569977,-0.7985456438595309,-0.7820164592577881,-0.7655248749900392,-0.7722939166492498,1.4200019726344169,-1.383414359268561,1.0709893774508417,-0.7555171221259457,0.5143649209546971,-0.4463042326229024,0.04333603147766529,-0.25251279748383376,-0.5915484992992741,8.808571428571428
0.31133086706609353,-0.8320330833219239,-0.7923734840784046,-0.7922738287096941,-0.7947323903164132,-0.7795005450916885,-0.7606131496668603,1.8732355623036596,-1.7518389055864234,1.488813145156542,-1.1709332455013426,1.053101227194464,-0.8004255944472396,0.4277739357403714,-0.5547445963883543,-0.5915484992992741,7.914285714285714
2.5764621679064432,-0.8505040755903737,-0.8228835499655508,-0.7859111176881204,-0.7883543972727123,-0.7924530693471357,-0.7747860257901792,-0.9241080250383746,-0.15183486645947464,-0.017882541683265783,-0.2580933013491495,0.15500265980929775,-0.16081953747223737,-0.07199600475505527,-0.05172583691297402,1.6818535764391125,9.757142857142856
1.319396387417938,-0.8124408487112998,-0.8415534436560235,-0.8169066099503579,-0.7818839695472183,-0.785956407072172,-0.7879213187973511,-0.5422940454115444,-0.14474107448812898,-0.014794075734150649,-0.25340916639803185,0.12185218278818938,-0.1573361774278308,-0.0008273251993415946,-0.04890926531575514,1.6818535764391125,9.768571428571429
1.432032604086538,-0.8122047976918948,-0.8030803400446661,-0.83587354851943,-0.8134041960385526,-0.7793655902714839,-0.7813329842868482,-0.41163451452167865,0.3610943459796637,-0.43726918322322517,0.08749211713630772,-0.21169086126705178,0.09660027071611196,-0.13994750900654634,0.15621372342037215,-0.5915484992992741,10.602857142857143
0.6165999736129029,-0.794973073275322,-0.8028417471540531,-0.7967883236726202,-0.8326922329726437,-0.8114722835434068,-0.7746491666674973,-0.49241031735900476,0.6152719279331926,-0.6492116422987302,0.29575612365899756,-0.36874736636309097,0.2594312419978302,-0.22121803651088748,0.29038102134184757,-0.5915484992992741,11.184285714285716
0.9603989422636309,-0.74451716787748,-0.7732860528293592,-0.7788515383165647,-0.7926988273169724,-0.7906327485164695,-0.8271330488308765,0.20138662804314855,0.018914621624692547,-0.3447270001237151,0.17524903865183744,-0.44541266366706306,0.2388764192304274,-0.34178317810935616,0.303217622172692,1.6818535764391125,12.15
1.547901341301817,-0.7630176665233553,-0.7344252357707558,-0.7665199983842768,-0.7747048759279801,-0.7903816697812053,-0.7860753120262924,0.549973321179655,-0.030678940008615055,-0.11658760053370988,0.14655671694705827,-0.36379487323097176,0.2179051719121181,-0.2986889236097677,0.2865103439629628,-0.5915484992992741,12.107142857142858
0.12085611862688608,-0.7619554369360323,-0.754019676912354,-0.746038128619592,-0.7220171073061018,-0.7592792914503396,-0.7672333118803125,-0.5896571009005019,0.7734572906264695,-0.33089102007002547,0.6300089147964074,-0.4368325165784542,0.5887166165514582,-0.44415715715360315,0.5913563933642854,-0.5915484992992741,13.525714285714287
0.7022946093826594,-0.7346030250624654,-0.7520512855647962,-0.7469470873369596,-0.7413359558007905,-0.7183848424441661,-0.7542794367799516,-0.6329447159658848,0.9701604105226743,-0.4487177233775777,0.8390347123929999,-0.5036865191152149,0.7728862360438448,-0.5136678118181076,0.7519076789515919,-0.5915484992992741,14.401428571428571
2.1216948505905178,-0.7165156157005489,-0.7244043343650068,-0.7449473781587508,-0.7422603026187182,-0.738063138320506,-0.7128079398370268,-1.176288896147771,1.1821834593885707,-1.0579325949942782,1.2020867683729262,-0.8237334693599403,1.150738987976937,-0.7239264763189613,1.1090454137386099,1.6818535764391125,16.914285714285715
2.2713431929379992,-0.6646138978088507,-0.7061221541217805,-0.7168605537920898,-0.7402267396192772,-0.7390046835777471,-0.7327639095862316,-1.1529297007734896,1.239389614562454,-1.2159455952546383,1.3575276712408593,-0.9524954423589647,1.345100568244142,-0.7950375034136165,1.3111756760600677,-0.5915484992992741,18.900000000000002
1.7996649608027646,-0.6251638711907721,-0.6135484108050233,-0.6028771306341841,-0.6385794012078291,-0.688600627473438,-0.7021138316460653,-1.2496414352602074,1.2752359053173628,-1.0542478089242173,1.5402009720390415,-1.0132258492176225,1.613592943156387,-0.8293727820188681,1.6142659808984405,-0.5915484992992741,23.06427142857143
1.96583481418817,-0.5375892380552512,-0.6137867054545231,-0.6042408716964748,-0.5957513319771794,-0.6333946905571991,-0.6826034497381506,-1.5389885293802643,1.2969480095531623,-1.281907550892036,1.6244310611761348,-1.1765834651296943,1.7545570373927897,-0.9543181407639547,1.7890784550554855,-0.5915484992992741,26.83857142857143
2.362207984937712,-0.45963309383293993,-0.5252690412781881,-0.6044829577015337,-0.597138160319677,-0.5897697603050263,-0.6266185202503496,-0.5871428934875003,1.3003059408138207,-1.0270228310508698,1.63906868472227,-1.012960572690573,1.7806839859438788,-0.8896548403132906,1.822852021632671,-0.5915484992992741,27.75714285714286
1.7949100122192245,-0.44066049314825434,-0.44647344091210894,-0.5145569449161981,-0.5973843446888518,-0.5911823920393071,-0.5823780131508365,0.7166523428194286,0.03646167114197612,-0.3346133415610957,0.7202964009611577,-0.5639210492711774,1.0179469806018562,-0.6281275007711926,1.1723208724685785,1.6818535764391125,25.72142857142857
2.4946099622204745,-0.65325394249998,-0.6078815314118496,-0.45820120145316356,-0.40471965627212386,-0.4153641938220591,-0.4896005773306857,-1.0910516870995546,-0.3847813865754347,0.5861941173430567,-0.3671525082904234,0.20497053855132594,-0.16386171164506574,-0.05306116064653024,0.026345511914776364,-0.5915484992992741,21.868571428571432
2.501553547719872,-0.5622857808967363,-0.6421792594374782,-0.5984838301669071,-0.4486261301236891,-0.3951837404751906,-0.40551146786163206,-1.6959507412217674,0.24340018649747158,-0.49880830481578636,0.11845626560354533,-0.3117902008689455,0.24294331209188502,-0.3542202951867533,0.3820753067409773,-0.5915484992992741,25.84857142857143
1.7637459806788558,-0.48008101338890746,-0.550231524217467,-0.633327247666001,-0.591283655690529,-0.43990714019414484,-0.3850462548652386,-0.5813170059499991,0.3351796280112681,-0.6928680950350387,0.19124858298178404,-0.27169255519521396,0.30439508422904765,-0.32985144725411536,0.4361451668378861,1.6818535764391125,26.52
1.1581480348358217,-0.46621301599885734,-0.46714155006146607,-0.5399165901445169,-0.6267169503777571,-0.5852189582283608,-0.43040073156797687,0.8461522148331219,-0.4864913026366061,-0.25332154812822777,-0.28771828827970397,0.08754759174719723,-0.09390031468900292,-0.06567851573013012,0.08321630850418521,-0.5915484992992741,24.302857142857142
1.3388970719640492,-0.5120069137634483,-0.4531242177379483,-0.4555046239249728,-0.5317249090553883,-0.6213115264226045,-0.5777629962231894,1.3121747142960238,-1.0283402030777584,0.4134334198110638,-0.6560435445812394,0.34400415686541097,-0.40757039211627655,0.19413391439270725,-0.19744974726673664,-0.5915484992992741,22.38
1.0655801877440267,-0.5517224977783578,-0.4994112385168835,-0.4412642706862127,-0.44588390123050364,-0.5245520588201232,-0.6143648546148729,0.3854345551221227,-0.7969681039088077,0.521278904192402,-0.5581620404510573,0.15240355545498954,-0.3383898915806322,0.1718598013846423,-0.14167638440067337,1.6818535764391125,22.882857142857144
1.0331494210112002,-0.7366094587274088,-0.7137869507327254,-0.7096191826770608,-0.5098487010310997,-0.5133162854170458,-0.4620056405966218,0.6996694999337221,-2.0137623752885685,2.0121278040475428,-1.7864955815279502,2.244057272414885,-1.4992526802618502,1.4772182255395918,-1.2304016684687742,1.6818535764391125,12.964285714285714
1.3643068416023838,-0.7461990313907414,-0.7264323739352179,-0.7060742436793268,-0.7043004599624877,-0.5022688210654163,-0.5048457287663661,-0.3669270698234264,-1.0348414427231858,0.6636959260689462,-1.3910776128338513,1.3150542092741757,-1.2430685885931647,1.0262481483336734,-1.03560997220308,-0.5915484992992741,14.245714285714286
1.8270053287066412,-0.7197318108399436,-0.7361252101163738,-0.7189208602181232,-0.7006955073725697,-0.7003385583470443,-0.49364237732821603,1.159758727363337,-1.6133697670537328,0.8849665424536637,-1.6837753907513777,1.6694919292090753,-1.4858111197958375,1.5514987449988047,-1.251847719568845,-0.5915484992992741,12.185714285714285
1.120026342960584,-0.7622800070877144,-0.7093729822563836,-0.7287679129896062,-0.7137596090659477,-0.6966665318438038,-0.694507010641185,-1.400964533062615,0.056909841637269254,-0.8139212925266645,-0.6082178825480358,-0.031433831863586954,-0.714668139063605,0.3619520022899511,-0.6447826048377934,-0.5915484992992741,16.57
0.432878800394224,-0.6717249347684298,-0.7523793507893892,-0.7015900473403129,-0.7237733662601643,-0.7099737048128119,-0.6907831693961181,-1.4538264428955259,0.3578750077042815,-1.0460920541499716,-0.32100702000802867,-0.48374932020506833,-0.48468602040036124,-0.0025408791631613943,-0.45526363072277304,-0.5915484992992741,18.177142857142858
0.7400198600587762,-0.6385302601645864,-0.6608491531279508,-0.7452806630217856,-0.6961353964041265,-0.7201737784329242,-0.704278115446617,-1.055132665828039,0.700544251504319,-1.292094838863982,0.0631389563145549,-0.950822017129795,-0.16172367409238111,-0.3884703419235349,-0.18376035334569363,1.6818535764391125,20.667142857142856
0.010495333692885809,-0.5871006443116984,-0.6272970278854881,-0.6522941862350731,-0.7405656667858508,-0.6920215752414142,-0.7146221189051363,-0.008599919667114092,0.30955912872988245,-0.7532367837428251,-0.10889112061270714,-0.7111864775062359,-0.2770057330557049,-0.3620063267249392,-0.274681515975438,-0.5915484992992741,20.002857142857145
0.1409456004568988,-0.6008211098146202,-0.5753136018431658,-0.6182082343337855,-0.6460049873118482,-0.737278517272805,-0.6860726693596232,-0.8993436713700426,0.8208461070802686,-1.1664626085092926,0.39536151719750234,-1.0253739343141157,0.157804418062996,-0.7048372530015306,0.0957045578758391,-0.5915484992992741,23.64428571428571
0.0328649388693222,-0.5256093537566677,-0.5891818136100504,-0.5653977328547239,-0.6113419816395599,-0.6409584374570363,-0.7319682170124994,-0.6026963396827312,0.883177290273985,-0.7747449102704156,0.4742131658367487,-0.9036103243026297,0.23050269886870106,-0.7465346825263692,0.1593531405595229,1.6818535764391125,24.330000000000002
0.4410656630269592,-0.5114462925923612,-0.5131601538384617,-0.5794865929739228,-0.5576374315179612,-0.6056504903104936,-0.6342889966611284,-0.5133205040040661,1.0414494248072106,-0.8041310047744142,0.6989595719280491,-0.9121652075289057,0.44314454229890576,-0.7893497461914945,0.3471742569680079,-0.5915484992992741,26.414285714285715
0.498469879498496,-0.4683964879283546,-0.49884458040167745,-0.5022554006215834,-0.5719648071958403,-0.5509467108647833,-0.5984828308431772,-0.46694409240819634,1.1137432713489583,-0.6969882680628037,0.8265318165370035,-0.8379324583788161,0.5702527982323135,-0.7673544403971065,0.4616976078199484,-0.5915484992992741,27.762857142857143
0.9278626142647662,-0.4405424676385518,-0.45533120197611915,-0.4877120611437005,-0.4934261392325845,-0.5655406623520209,-0.5430071446025648,0.07083339232146307,0.9700631798628747,-0.3990416062640592,0.7682811671776578,-0.5666848825582593,0.5343457527816812,-0.6396887710937234,0.43531935742690997,-0.5915484992992741,27.617142857142856
0.6690287357451757,-0.443552118135967,-0.4271772408837771,-0.4435063688557196,-0.47863659014574134,-0.48554070032843216,-0.5578070264739846,-0.46300400085562626,1.1536872249838608,-0.5464312173802739,1.0201216422674857,-0.6584279439536324,0.7855272428499634,-0.6872447800030036,0.661564085340544,1.6818535764391125,30.282857142857143
1.5897317523238612,-0.38849321785972546,-0.43021930023909377,-0.4149044678825503,-0.43368252323385814,-0.4704759762125738,-0.4766782116562445,0.519894066245598,-0.32120592614684207,0.0947007825664516,0.17093850436879174,-0.2206730301165558,0.22016313766451917,-0.407714000301624,0.23746826818614244,-0.5915484992992741,27.922857142857143
0.8213536426382019,-0.4372377533668803,-0.37456750850359555,-0.4179949275216004,-0.40459641002973357,-0.4246854918687464,-0.46140091424058527,-0.33402916371784064,0.445390235076019,-0.34264173726626973,0.594211509218767,-0.46657233911072454,0.5604736475680466,-0.5103889842416433,0.5277038304814045,-0.5915484992992741,31.27857142857143
0.2747011077508614,-0.3679272727940554,-0.42383694041519415,-0.36145769530133137,-0.40773918921068775,-0.3950582011075585,-0.4149642956375712,-0.7543235478779872,0.7396126769719994,-0.5334438077400548,0.8152634836484856,-0.5327396785822035,0.7595596239469161,-0.5495555282788649,0.706860564859,1.6818535764391125,33.71
1.00489418880166,-0.3180319885673005,-0.3030194654310017,-0.3403395544344892,-0.4011455152428035,-0.3396953399817795,-0.38816536975426913,-0.40446465015394373,1.0072705898503074,-0.5407748043803295,1.0434422675913355,-0.5221203826637262,0.9746712407540437,-0.5182763068532591,0.9044668110720766,1.6818535764391125,36.566428571428574
2.0111205973185293,-0.2587094167530543,-0.3033475306555946,-0.28877129653583017,-0.32876915939906554,-0.39154309881385824,-0.328774876050894,0.19110630604597736,0.1788218769160906,-0.18284413477096648,0.5746698837147975,-0.28210239323280306,0.6500225337444628,-0.34058298848021495,0.6586891076571448,-0.5915484992992741,35.277142857142856
0.18943106285116934,-0.28533892237969316,-0.24338615483339796,-0.28910458139886486,-0.27632788326196794,-0.317820105171877,-0.381354241323121,-0.04217900199999652,0.5721289628934947,-0.22125847824952272,0.7763269350769489,-0.3525201840270419,0.8110338163061263,-0.37497478628011854,0.7978714751206273,-0.5915484992992741,37.155857142857144
0.5557544598685229,-0.2465350854272359,-0.2703024153056848,-0.228189198023275,-0.27666681042854135,-0.2644031042443963,-0.30659096709523886,0.0614672266141876,0.42376434321664386,-0.0263138834844632,0.7008764696229416,-0.2187933150174537,0.7600686213942688,-0.28499559057727136,0.7598015018185867,1.6818535764391125,36.96714285714285
1.1185179897591946,-0.25043287788516283,-0.23108072650002898,-0.25553370610408577,-0.2147201678470875,-0.2647483375053846,-0.2524202166755473,-0.43173333131021274,0.9350737222069789,-0.36877043766325013,1.0240069275593993,-0.4189937636443602,1.0302639039052681,-0.4061654055742454,0.9978872337126157,1.6818535764391125,40.36
0.49926979931447385,-0.18035523149927127,-0.23502049160627736,-0.21568798579707837,-0.2425276012864122,-0.20164911284927425,-0.25277032140798944,-0.952492392284915,1.148129665414222,-0.7307099464674974,1.2846257126292877,-0.6299094914808193,1.2990517663490417,-0.5643037310072799,1.2596323659331488,-0.5915484992992741,45.30428571428571
0.36892274801058705,-0.07823365922913636,-0.16418822720552267,-0.21969043401588745,-0.20200731794452204,-0.22997393267127864,-0.188780724628442,-0.22106226336522788,1.1493931187910622,-0.5290861103267563,1.2864600050483685,-0.49167236045286833,1.3010937089200296,-0.4768264818531865,1.261701829334929,-0.5915484992992741,45.348571428571425
-0.12723631462184642,-0.07731896152894158,-0.060966977904044074,-0.1477312022242803,-0.20607752509946373,-0.1886997270780178,-0.2175052265401763,-0.2254443911314966,1.217294796046999,-0.5604070907863264,1.3908915358600087,-0.5482583297215471,1.4194761998145353,-0.5140079075485902,1.382789104393097,-0.5915484992992741,48.01714285714286
0.003772253949212705,-0.02220104849784872,-0.06004243045291845,-0.042867664863963637,-0.13290006868018833,-0.19284566469406972,-0.17564861439156498,-0.23247401746454838,1.2427049944750597,-0.4626859438653646,1.43916894818363,-0.5046959083664084,1.4777266557671578,-0.47870898989979116,1.4442138342551103,-0.5915484992992741,49.5
0.5377644743297131,0.00842657126996406,-0.004330990494766933,-0.04192840752268373,-0.02626125745193072,-0.1183066651624794,-0.1798530539511663,-0.19236267854703581,1.267662696144523,-0.37712691413218874,1.4946460924518763,-0.5022897181453774,1.5476040404786493,-0.4710757028452293,1.5194254566910907,1.6818535764391125,51.42857142857143
-0.07508904919900863,0.04826018079457612,0.026626437062278657,0.014669421945409851,-0.025306099073405457,-0.009683727318759897,-0.10426225944660254,0.4270338629711862,-0.06453632761493928,0.0759833747648222,0.6726256589702369,-0.21838808411638855,0.9503874861855351,-0.30048604044675353,1.0586511498841515,-0.5915484992992741,49.222857142857144
-0.010518395666438566,0.0027023340493902127,0.06688898735323397,0.04611939356633117,0.03224989612289203,-0.008710797219610733,0.005893420460889997,0.354695641538447,0.030173917367178883,0.12903211924863192,0.7044769589156655,-0.12714507722613197,0.971846652230017,-0.24163889222136728,1.0762803568769832,-0.5915484992992741,49.52285714285715
-0.12524941701441755,0.008898673308774393,0.02084055946491178,0.0870225358478763,0.06423229602319004,0.04991608746460435,0.006880079252317971,0.2752534249189769,-0.3045526557201149,0.26922552142478096,0.5162653199516921,0.021164115347083137,0.839291991223502,-0.16057284884895034,0.9755810042166579,1.6818535764391125,49.06285714285714
-0.02433284668196226,-0.000602380222281379,0.02710362284350491,0.040241460527353605,0.10582790282993607,0.08249355336514778,0.06633422836159172,0.2663907804922335,-0.3285276869497691,0.29484428011548225,0.5043123378070761,0.10394061079593228,0.8312247587931788,-0.09500609023715706,0.9695821253067316,-0.5915484992992741,49.037142857142854
1.9159465598585483,-0.0011334950159428926,0.017500258996328746,0.046604171548927376,0.058254853267257684,0.12486308994099914,0.0993713840229547,-0.42604172439392773,0.8912835648796195,-0.15491326176924045,1.0213423165386113,-0.1569130526643875,1.1767334300414125,-0.2344709779225996,1.2467995039352495,-0.5915484992992741,53.37428571428571
0.2969721890789955,0.08844786684829571,0.016963424992449322,0.0368480146491809,0.06472528099275159,0.07640489403498844,0.1423387830044962,-0.11058497018362916,0.897904116057883,-0.12171473275361519,1.026544633501319,-0.09226441059396903,1.1807580107597875,-0.1666982422205906,1.2502306133482002,-0.5915484992992741,53.43571428571429
1.8961784534384738,0.08971664107759832,0.10750942698010874,0.03630263941876028,0.05480395848032756,0.08299571083567651,0.09319680965079248,0.31213331416938744,0.27641645103007445,0.021020646139923698,0.721252665573919,-0.006342694411525942,0.9760794075374447,-0.08391332804553185,1.0989025551176417,1.6818535764391125,52.82857142857143
0.1795270702908805,0.07717643067170185,0.10879186376715412,0.12828926161636836,0.05424935038957093,0.07288979174128811,0.09988062727014346,-0.34355084246948836,0.9720219150859339,-0.30864412174894296,1.1373165886944603,-0.24540387697000132,1.2823695687062826,-0.23286303189458082,1.3526769750828882,-0.5915484992992741,57.17714285714286
0.10093084321071047,0.1669938435553456,0.09611661645333479,0.12959210244459549,0.14779324836385302,0.0723248645869434,0.08963210692047192,0.1280859668760249,0.09631865632358952,-0.0225886963506995,0.5510747482749495,-0.11032678238636873,0.8450283695636673,-0.12455507255383612,1.0123048857018477,-0.5915484992992741,55.67142857142857
-0.5212425672062224,0.1358941217487225,0.18690121133160734,0.11671518728188678,0.14911814546954952,0.1676092446197468,0.08905920826738467,-0.2969249614472098,0.7625483017385878,-0.30017127476001776,0.9733755892737054,-0.32390384161618485,1.1617666703470197,-0.2746493212589133,1.273116431428483,-0.5915484992992741,60.34285714285714
-0.2174090938775317,0.23237997593056048,0.15546659799333548,0.20894419847079296,0.13602323221557386,0.1689587928217926,0.18568811442142905,-0.7123038313895118,1.0308557757403574,-0.5781371732747054,1.2320863452589021,-0.5062426398007536,1.3944250483594218,-0.41233578813608357,1.4853224852774936,-0.5915484992992741,65.66857142857143
1.2072457525731133,0.3423797509733409,0.2529914420314271,0.17700944886727543,0.22981362267463673,0.15562023501087635,0.18705670564824867,-1.309330355860618,1.210491158316293,-1.1235134824794817,1.4902726509053568,-0.8783161466428747,1.6761016064180525,-0.688242714346503,1.7753821892030317,1.6818535764391125,77.88285714285713
0.7315726129698136,0.5946592779625502,0.36417572905711687,0.2760859490603513,0.19733823780477716,0.25115569377894414,0.17352993189480034,-1.4386421597718608,1.2637557736943463,-1.3867246309801693,1.598304613845269,-1.0989712120846626,1.8162254608552855,-0.8602014718480451,1.9374394836731708,-0.5915484992992741,90.52571428571427
0.5789990506501199,0.8557907181794511,0.6191718808998334,0.3890392190052402,0.2980920409588952,0.21807607040787197,0.2704134596724391,0.5680127360596522,-0.078432733999769,-0.4926957148607962,0.4156313473818126,-0.5986560591151876,0.7161428871904698,-0.5528516570418169,0.9281964763671283,-0.5915484992992741,80.75
0.12452026746136528,0.6538785774558069,0.88311526614054,0.6480924534550255,0.4129575388667092,0.32070450344715623,0.23686706076388736,0.7752343804368541,-0.15560709234426842,-0.12309009322694608,0.3509688140541268,-0.4212130823986266,0.6562717341666614,-0.4479962082003841,0.8729822161724435,1.6818535764391125,80.14142857142858
-0.19172955655932186,0.641308860672485,0.6790288723323871,0.9162352750784877,0.6763963819761003,0.4377071940803219,0.34094364940806554,-0.3421856030665435,0.3479505431503709,-0.24930391218336154,0.6243409071095027,-0.5053266507276767,0.8736904566255546,-0.5131933766587008,1.0605547057151237,-0.5915484992992741,86.55428571428571
0.10814185058407094,0.7737629889361762,0.6663238009072413,0.7089017916469228,0.9490786932647683,0.7060475923940467,0.4595973260030185,-0.19627400506556816,0.44578525969725497,-0.07332109713921414,0.6796479065749723,-0.4007633310508257,0.9177106165937595,-0.45752463282928835,1.09861669301739,-0.5915484992992741,87.95714285714287
-0.29225437730448006,0.8027382515681536,0.8002042366524991,0.695994577860302,0.7382351840954628,0.983803443280183,0.7317241862194477,-0.5974144303456125,0.8815173227504346,-0.44329474593414236,0.9822077457030757,-0.5440539841262425,1.167811065330392,-0.5646915074073969,1.31879175036263,1.6818535764391125,97.2057142857143
0.6590285651424965,0.9937625390217373,0.8294915139752536,0.8320051006024173,0.7251094592808898,0.7690369701034792,1.0133993573206639,0.1689013578719411,0.07473664140181376,-0.1668821617821992,0.48224233416294304,-0.23765027095446997,0.7545205640115641,-0.3757252573743535,0.9564879961522491,1.6818535764391125,93.22714285714287
-0.2540974983405629,0.9115872778913341,1.022572810703879,0.8617583492842527,0.8634225548034694,0.7556670274506551,0.7956023860386728,1.473466155958555,-1.1742137650779354,0.6465504717022682,-0.5362277107692414,0.3433540851924022,-0.14589658457499904,-0.004494171208733325,0.1416265363705581,-0.5915484992992741,82.39999999999999
1.806495947618388,0.6879584433824193,0.9395126606592046,1.0579116404921953,0.8936795073103028,0.8965535827758375,0.7820437845822754,1.4509350037441797,-1.5517163359821196,1.1496711204131218,-0.9533906203472441,0.6841697983627141,-0.5453098003696393,0.27463584186653667,-0.23386762442659062,-0.5915484992992741,76.17857142857143
0.32953432094289165,0.5594581696937637,0.7134757209146486,0.9735299728965635,1.093153550619098,0.9273734975295312,0.9249183431216379,0.6515293625712465,-1.6050999574425748,1.076813997259443,-1.0116663124280876,0.6468747450910699,-0.6007480303939556,0.3549770455785186,-0.285824586277956,-0.5915484992992741,75.28571428571429
0.719390842869013,0.5410166838027397,0.5835917160871599,0.7438967022655779,1.0073433543548107,1.1305589640421692,0.956173147417841,1.5787785692488583,-2.0316125070856255,1.8712410484543052,-1.5856001708917353,1.2790311578356859,-1.1716430640481685,0.8408588480760475,-0.8310059729933114,-0.5915484992992741,64.80285714285715
0.47119050254833045,0.3244988862534041,0.564951646508014,0.6119461951277049,0.7738225365856787,1.0431521793282834,1.1622256963115443,1.340746957841332,-2.1099401960582953,1.6844375709886021,-1.7267962695646961,1.4222283353525724,-1.3218373398457017,0.9685185049217837,-0.9786561772412421,-0.5915484992992741,61.49571428571429
0.20998266844583788,0.25619162251305094,0.34610231759317717,0.5930095551825452,0.6396381901831761,0.8052864625072629,1.0735855435977717,0.5820828804215636,-2.1370724936886067,1.240523976340093,-1.7732071902668363,1.3177526313363215,-1.37014690680353,0.9170981239720642,-1.0256022272285326,-0.5915484992992741,60.457142857142856
0.7103876397789163,0.23474048612461157,0.27705949987202055,0.3706782529144135,0.6203809648096827,0.6686054759977575,0.8323633829451026,-0.1884999652077259,-1.0349579826937552,0.49683671657241235,-1.2969077962194182,0.8360275350760941,-1.0608475142651292,0.6451053565317161,-0.7917334395743947,-0.5915484992992741,64.28285714285714
0.002655650335120452,0.3137585648704715,0.2553773709375578,0.3005369385575417,0.39428573314457016,0.648989949805234,0.693753736600945,0.12962742814035635,-1.21261886805449,0.3993820504737199,-1.3789948068904188,0.6783076439106337,-1.1293172265399825,0.6445886394397565,-0.8530707691499605,1.6818535764391125,63.11585714285714
-0.33352179490765427,0.28965480515146735,0.33524634107028234,0.2785098389733317,0.3229569703611502,0.41868797988405104,0.6738614222576388,0.7722934814568232,-1.654797914658223,0.5041417291459356,-1.6191661760199842,0.6921143223045696,-1.3324615975040028,0.7347453567148674,-1.0351483843196592,-0.5915484992992741,59.63142857142857
-0.3455862747128569,0.21768579997259252,0.3108830245275554,0.35964955381035224,0.3005569658067024,0.3460320708669431,0.440309738015749,-0.3470590526716278,-0.1622740276889247,-0.12870495758930336,-0.7973988443569247,0.1261779439787421,-0.7863708964664653,0.32703564095201093,-0.6239249933935096,-0.5915484992992741,66.07714285714286
-0.41982868602043194,0.35081857491707363,0.23813903459076366,0.33489860793643056,0.3830703250870473,0.32321529079979927,0.36662860568814276,-0.7141348933859956,0.3904245124125838,-0.41779351481645266,-0.3161405893934517,-0.19813623062639169,-0.4274989909043522,0.028831284252133313,-0.3412495579314341,1.6818535764391125,71.17428571428572
-0.24222537462014085,0.4560973295717519,0.3727054248965342,0.260997234352048,0.35790036123487634,0.407263897429525,0.34348986564400874,0.18046463857868048,-0.15239366606175825,-0.10375549508856162,-0.5541963097511583,-0.12151301026878562,-0.5922082587649204,0.03324618609145495,-0.4750732739150211,1.6818535764391125,69.00428571428571
0.2656017266183743,0.4112771422622069,0.4791178541099626,0.3977046254441454,0.2827478837812956,0.38162562007484874,0.4287244541422072,-0.22952577875514463,0.4549737793668207,-0.39316554779006185,-0.0802902240798608,-0.3360084884506262,-0.23194959691198969,-0.18391185514289418,-0.18919599852081204,-0.5915484992992741,74.28999999999999
0.26749244618341284,0.5204507387370694,0.43381502900480623,0.5058101155630734,0.42176964519762,0.30507485217695335,0.4027244036029322,-0.6141361741645459,0.8013054385649349,-0.5818614386357678,0.3077942450379993,-0.4889226711378287,0.09546891273335015,-0.3503185755572966,0.08209803723443608,-0.5915484992992741,80.00285714285714
-0.5614051102248642,0.6384467420621979,0.5441642409133501,0.45978650584035713,0.5317052934098198,0.4466832588660209,0.32509345333931916,0.21034261364605436,0.0819601932401714,-0.14022957007049253,-0.049478080515005386,-0.26766210230712567,-0.1452053176842754,-0.2628453330590288,-0.10607829305202636,-0.5915484992992741,77.28285714285714
-0.033038132421240304,0.5822665994437821,0.6634308621085576,0.5718914143157028,0.48490253286208107,0.5586643747939004,0.4687000490465156,0.7007308216543532,-0.6012206272332264,0.22542572303197939,-0.42460372854648326,-0.05538154144472821,-0.40461468806676576,-0.13517716083168307,-0.31079928230084625,-0.5915484992992741,74.24
-0.5611236135154292,0.519418015527172,0.6066457541426474,0.6930556113408131,0.5989053070731625,0.5109907999355907,0.5822612931695822,0.22285255754274796,-0.2731674117430514,0.16010812976810235,-0.2691789395009898,-0.058286140844894974,-0.2943507382800861,-0.14339187432135017,-0.2251358299332027,-0.5915484992992741,75.77714285714286
-0.6589413742381872,0.5511668776371593,0.543120397016918,0.6353670314118783,0.7221207379029234,0.6271147149953311,0.5339150123896107,0.12245041457742356,-0.22250550736277913,0.24166105937196677,-0.2471798450042235,0.029696240760315087,-0.27922815179313026,-0.10317473591039364,-0.21358345681189925,-0.5915484992992741,75.97428571428573
0.10480376877135397,0.5552387577218976,0.575211140804376,0.5708309624787739,0.6634555265251129,0.7526226977855752,0.6516775133019834,-0.6081650558251633,0.8218512488688265,-0.2874445562523942,0.48708384451227416,-0.27877177102598827,0.28949887864927054,-0.3110105828443361,0.241840785991663,-0.5915484992992741,84.65428571428572
-0.10278363379559086,0.7345195069600772,0.5793268681674515,0.6034322818083612,0.5978269024522469,0.6928659587926709,0.7789564973961941,-0.8124641099269184,1.0553358238869837,-0.6307025591247967,0.8431116843852516,-0.4764171480862378,0.6356697061893968,-0.43216992451533554,0.5479239719380314,1.6818535764391125,92.22428571428573
-1.0198352359147478,0.8908738009385359,0.7605381685880767,0.6076134919082525,0.6309801416552535,0.6260162455285498,0.718356550980746,-0.25290770025219633,1.0932471775808401,-0.5472133982339025,0.9116674996350583,-0.42184671768866727,0.7074780793837566,-0.3913312395684729,0.6137215266373443,-0.5915484992992741,94.03
-0.6925745340584576,0.9281698620045428,0.9185761345079079,0.7917079307991175,0.6352321370177211,0.659786335421599,0.6505635436987584,-0.026312807919611807,1.1385007239458982,-0.4272315794803996,0.9921885197616157,-0.3954207818181506,0.7916283253854407,-0.36947141908411407,0.6906944040550227,-0.5915484992992741,96.13
-0.4048865725915168,0.9715442368202313,0.9562738112247724,0.9522603389101602,0.8224431792086754,0.6641174436049084,0.6848101520721945,-0.09109223988533352,1.1906472328998086,-0.3422933061184626,1.0953570122657619,-0.41016357358814975,0.9021464940376077,-0.3711076597440801,0.7927457563968312,1.6818535764391125,98.97
-0.6559660545539981,1.0302029151424008,1.0001152548749235,0.990557799535251,0.9857136388153029,0.8548117430381472,0.6892023750791968,0.057666857548488694,1.2022204056149803,-0.1268170777425061,1.11915063951105,-0.33104220948175084,0.9277113254598477,-0.3157207498777516,0.8163311677694421,1.6818535764391125,99.62
-0.8161388149116658,1.0436283168710663,1.059405588192271,1.0350967766862667,1.024659451410656,1.0211200203088406,0.8825874981990824,-0.49110010148263267,1.2793431779362057,-0.4107215571313102,1.3682504631171148,-0.49772947736236606,1.2317366336712146,-0.4453747802476043,1.1130319384344265,-0.5915484992992741,109.01
-0.5924552428347536,1.2375737356897885,1.0729755588458896,1.095330441023831,1.0699524454891125,1.0607904604806004,1.05124249612737,-0.5215553580655691,1.2946175695932072,-0.5003365224966724,1.4609535292019755,-0.5222610474133467,1.3697553218323004,-0.4914379647853094,1.260822584133352,-0.5915484992992741,115.0
-0.9765397886730541,1.3612939762354905,1.2690094425958516,1.1091163149039074,1.1312058279571209,1.1069261780854163,1.0914727126552723,0.4209845189091779,-0.02796148302019944,-0.05546669515323039,0.5491189176060524,-0.2051244117550571,0.7013060307572412,-0.31146287419223095,0.7450717219011821,-0.5915484992992741,109.33
-0.5788619141867937,1.2441831642331314,1.3940619413884259,1.3082691698791635,1.1452250880290242,1.169319243798596,1.1382594359907285,-0.23223491173059557,0.6106148960670497,-0.3461435788671415,0.9085039891973138,-0.376365968551938,1.0031120834716822,-0.41560340081213554,1.0159328873742597,-0.5915484992992741,118.93
-0.6586826921668216,1.4424660205334223,1.2756900435330174,1.4353112999432511,1.3477494758369808,1.1835993468667534,1.201532909453917,-0.5664111552103415,0.8672065977603735,-0.46723634136720715,1.0995296482522572,-0.4693363912469917,1.182978547570055,-0.4601146836183114,1.188055708613182,1.6818535764391125,126.6
-0.9432178938392416,1.6008857609316753,1.4761080716479948,1.3150560616355087,1.4769423494226737,1.3898919127282872,1.216014514295844,0.06080773632251913,0.5929894874988891,-0.18957717381688033,0.9257054835973616,-0.31987981704331775,1.0500891270391204,-0.34740626224700555,1.0819564166708757,-0.5915484992992741,125.32
-0.07546899938256856,1.574448046758303,1.63623372536069,1.5186628143258665,1.3546512654108407,1.5214885548486903,1.4252180057815271,0.03832851639164868,0.7826427920108948,-0.19336840973788086,1.0327484602161492,-0.3061385245851411,1.141826957609508,-0.33406293938611725,1.1662812568173038,-0.5915484992992741,128.95
-0.9136972903558239,1.6494237517968506,1.6095113216120263,1.6813361261107667,1.5617049526266429,1.3969221173156874,1.5586715642478999,0.12995772169438788,0.6818304346366089,-0.06598474038893386,0.9828391406563162,-0.19242673539810712,1.106358684214234,-0.26378897857369654,1.1388974899351412,1.6818535764391125,128.65
-0.9802478442919026,1.6432274125374668,1.685294388493002,1.6541885590853858,1.7271322214751013,1.607828254937703,1.432347411242168,0.37439377684504344,-0.11938165194664736,0.1857514310970296,0.5894941967117832,-0.02993955469404894,0.8324898317327647,-0.163081080634081,0.9298914073212518,-0.5915484992992741,126.44
-0.19912589265318095,1.5975810466600038,1.6790313251144093,1.731177362446427,1.699525063179661,1.7763334711419587,1.6462295750613967,1.060375918346321,-1.6355692568979046,0.7573389734604123,-0.7447035691960816,0.36676243986124785,-0.2353768295474618,0.11209837658276806,0.06258101022788017,-0.5915484992992741,115.52
-0.4869170796337019,1.3720342976184232,1.632893424892107,1.7248146514248537,1.7778172386581361,1.7482126527923567,1.8171125121961342,1.0850370956071527,-1.9218688620724849,0.9854863505924492,-1.20877552063681,0.5900275766706549,-0.6770208605420065,0.29267220610535627,-0.3266287231512804,1.6818535764391125,109.27
-0.4435403368125537,1.2429438963812545,1.4049179179113207,1.677942680232594,1.7713468109326427,1.8279615360806811,1.7885948903535704,0.3711026772167488,-1.6380389676516274,0.7686347607387953,-1.085848288340446,0.5486628981335522,-0.60056342972447,0.2852248023321085,-0.2710917920599952,-0.5915484992992741,110.38
-0.8320552956887773,1.2658703516409755,1.2744374308572988,1.4463399990473123,1.7236813266881714,1.8213707192799935,1.8694690835477161,-0.5206895616016328,0.012780304039209631,0.0846779712675997,-0.16261674538905954,0.15939643843296872,0.0212293079309979,0.04752046720761418,0.19870758523612223,-0.5915484992992741,121.06
-0.7933076456128412,1.4864600292750492,1.297610765358093,1.3137835194311938,1.4881577574801965,1.7728183688482586,1.8627852659283657,0.0012241489195206534,-0.3226860996554735,0.10539802489058442,-0.36024861877160747,0.20055915656666387,-0.13701055525260125,0.10157728672201585,0.06630156412108627,-0.5915484992992741,119.03
-0.3341179278617577,1.444531466953217,1.5205758216360052,1.3373255502110164,1.3533571798657418,1.5329126373032163,1.813547809465814,2.136315569296157,-1.7795600531368239,1.214487548267877,-1.63003706435005,1.0129975768048765,-1.314223189048127,0.7026732138625007,-1.00015452989036,-0.5915484992992741,96.96
-0.7584924643538967,0.9886874421045272,1.478195759440859,1.5638380625790396,1.377297762450069,1.3956039539555498,1.5702568481214414,1.4180557695376717,-1.8585172288670584,1.201790070311654,-1.729816622548613,0.9989208710478917,-1.4209620115144797,0.7473936788730038,-1.104771152775783,-0.5915484992992741,94.02
-0.8099357869340688,0.9279633173625632,1.0174430635556977,1.5207837179997243,1.607644989477649,1.4199899761180952,1.4310106477182978,-0.3616786616051886,-0.7222914433091778,0.49133508903305806,-1.0110453187542152,0.4530980888087405,-0.8866112448355825,0.39692308858191633,-0.6833848255039275,1.6818535764391125,103.01
-0.9903578287716231,1.1136469505021067,0.9560650424454858,1.0527002771792873,1.563861761868474,1.6546230542225875,1.4557407729098961,-0.6132124876883819,-0.12217401089852555,0.06325095231196985,-0.563605394803254,0.10517709331461988,-0.5361456688551819,0.17053627417042883,-0.39877443807970864,-0.5915484992992741,109.99
-0.7301669383946289,1.2578151106037763,1.1437481750239908,0.9903457091678651,1.0878539621963121,1.6100251938712655,1.693684680158788,1.4179024970010732,-1.3264822909538916,0.9022015592132924,-1.365856005655905,0.749234169610765,-1.2328076981588139,0.6096856667809788,-1.0279980973879757,-0.5915484992992741,92.72
-1.0164566554385364,0.9011125139052322,1.2894687829659222,1.18101494944769,1.0244437704864728,1.1251607712339864,1.6484575142678468,0.5062003428272932,-0.8219686517230075,0.2949350475414254,-1.037412694197992,0.4465769492650433,-0.9757200142822526,0.3637895476339141,-0.8174252737246845,1.6818535764391125,97.92
-0.8647030561707626,1.0085157277345564,0.9289251011382494,1.3290540258829706,1.2183409213271044,1.0605707665872441,1.156751331404266,0.1767861111795056,-0.983529987220315,0.4203951601893952,-1.1313189823562662,0.4708440019381645,-1.0540544352886936,0.35501220020943447,-0.8871575138681006,-0.5915484992992741,95.89
-0.9160154961856526,0.966587165412724,1.0374848663671956,0.9627739614077125,1.368886206406927,1.2580755767145275,1.0912499187346272,-0.5655374175117787,0.08121324377092455,-0.1590979439681597,-0.42608756986729296,-0.06399683917973445,-0.5043514488592734,0.011948140615432321,-0.43726004042093,-0.5915484992992741,107.48
-1.0405057269530342,1.2059724054669296,0.9951048041720493,1.073060952448323,0.9964052503426662,1.411421914277201,1.2915416533945092,-0.22605440623448428,0.09945806085039785,-0.12628168378564775,-0.4123345341191747,-0.12085767411472015,-0.49336042253888385,0.002456800715749869,-0.42816058617008484,1.6818535764391125,107.73
-1.063867219296678,1.2111360215164164,1.237067819365027,1.0300066078690078,1.1085593309178925,1.0320105604509295,1.4470518100047398,-0.22991286723434223,0.537117042698233,-0.4249248721514506,-0.06308614725721758,-0.2652588663325107,-0.21469471175222865,-0.13833336972079519,-0.1981479663588311,1.6818535764391125,114.06
-0.9622701038599532,1.3418787798894205,1.242287038847188,1.2758193436691379,1.0647761033087177,1.146251384996188,1.0622867090507735,0.37612778545995806,-0.3752560778935806,0.010072788041349978,-0.46967597889756385,-0.02622005978648819,-0.49925438678469036,-0.042739692722537935,-0.4272973893401262,-0.5915484992992741,108.84
-0.9651074164311905,1.2340624767761375,1.374437676135501,1.2811216028537824,1.3147502944369622,1.101653524644866,1.1781395477861891,0.33776786445481294,-0.2301860905629363,0.06672260940763744,-0.39740249621223617,-0.03552179676412087,-0.44645236380632863,-0.08707886220079364,-0.38525668097231275,-0.5915484992992741,109.9
-1.1382090659657098,1.2559562088259613,1.2654603733479823,1.4153748054089872,1.3201423175415405,1.3562787470447784,1.132912381895248,-0.3570655582645819,0.5327589217747173,-0.15905303942841387,0.09405852135755362,-0.27113361278434567,-0.07071310781080606,-0.22169432197991412,-0.08139064838338356,-0.5915484992992741,117.91
-0.6491561866938852,1.4213984670515163,1.2875898639523444,1.304663633633605,1.4566683425494598,1.3617710943786852,1.3911305359228376,-0.7194875695655565,0.9316167933633617,-0.5025150976316656,0.556788455145462,-0.461440453993782,0.339086882112183,-0.3711541237920016,0.2711522216919915,-0.5915484992992741,129.08
-1.0574747775451443,1.652108832142584,1.4548136561607783,1.3271452125764989,1.3440829001258676,1.5008373288732013,1.3967003839389633,-0.7109900769762951,1.0948597948920242,-0.6932045300850749,0.850619564210323,-0.5922830561950694,0.638454039955128,-0.4867067387397175,0.5457089571082954,-0.5915484992992741,139.78
-1.132991219501563,1.8731115990606166,1.6880083826237262,1.4970295968525158,1.3669450780892791,1.3861571165412305,1.5377289357072672,-0.2746137831228274,1.1337827785973007,-0.6115393373787669,0.9320682308249258,-0.524837844344752,0.726291429371107,-0.48759546098263096,0.6284777413987414,-0.5915484992992741,143.34
-0.9239638741359242,1.9466414916053079,1.911390976460211,1.7339345372224428,1.5397054983599638,1.4094446692369946,1.4214305091305617,-0.174384754189306,1.1877207079057466,-0.5343476498125173,1.0529316557416257,-0.5272574018180856,0.8592129490206833,-0.48339048408953844,0.7547748639747438,-0.5915484992992741,148.96
-1.195787398205486,2.06271958039777,1.9857126618861818,1.9608712303252371,1.7806210906725173,1.5854194778153636,1.4450466647189348,-0.2558755330830667,1.2316916589524645,-0.4575181798331726,1.1730603691172583,-0.5303656357737881,0.9984381081934095,-0.48983692140514384,0.8901179934904483,1.6818535764391125,155.45
-1.2285180628195511,2.1967670530424455,2.1030407158451583,2.036375401114578,2.011399679548463,1.830817556694313,1.6235045951556035,0.671453093853799,-0.4763393359450806,0.1856486904649134,0.09524032206473776,-0.16743502529457258,0.22557899026751596,-0.24292174158115254,0.286895715739736,-0.5915484992992741,144.18
-0.9509608864284673,1.9639912415315834,2.238531653602054,2.155570187585392,2.0881820885576565,2.0658900225855175,1.872365404516102,-0.11307373706519344,0.2976606606882685,-0.1258656825947636,0.5157725512564042,-0.324472520771243,0.5624151020711282,-0.36061103709717346,0.577228465033208,-0.5915484992992741,156.39
-1.0690512861556924,2.2161822493885155,2.003249239346242,2.293216836018769,2.209394767948574,2.1441010486203482,2.1107548996062837,-0.4492414089386077,0.5923812720727509,-0.2511321409518694,0.7160095480110537,-0.3434572987486593,0.7364055157560483,-0.3897187727172006,0.7335332268748808,1.6818535764391125,164.05
-1.1779989408525724,2.3743954451447897,2.2581559188549787,2.0541909919749846,2.3493716877434236,2.26756901668657,2.1900695353559145,0.4789067440780241,-0.4077888877486617,0.16604265503833496,0.045409176781152444,-0.030201181912289966,0.22182785885884668,-0.2005744005191211,0.31713173606586775,-0.5915484992992741,155.3
-0.8029357311840681,2.193668883412754,2.4180728037883883,2.3131533305530327,2.1062992861890395,2.410150353474786,2.315279718758421,-0.3724803876852789,0.44485919662464135,-0.32234658072049277,0.5593898946486577,-0.3067304279019583,0.6346575359251898,-0.3620543266124593,0.6738849804437524,-0.5915484992992741,172.5
-0.9280581700493279,2.5489256676174414,2.235400121912758,2.475614551970548,2.3696456946166373,2.1625553356622746,2.459872973257045,-0.11113303906871143,0.2758723262241379,-0.17510133950673035,0.45448414293400596,-0.19244181107976122,0.5538180511548325,-0.2606512473983054,0.6079622152222522,-0.5915484992992741,171.05
-1.1541278556860688,2.5189766945304184,2.5944824222854255,2.2900354805079823,2.5348572825409135,2.430801579450275,2.208784224690097,0.07654000653811187,0.4778398617876292,-0.12276083282188971,0.5697571476890425,-0.19486213782214104,0.6453130310582872,-0.24027921512441533,0.6867434662434321,-0.5915484992992741,175.0
-0.6548194949984102,2.600561828112309,2.5642109492888925,2.6548309124115397,2.346136473880677,2.5990871017611754,2.480815601797678,0.8511422652949773,-1.0228497163316734,0.45315633266107114,-0.4315628513082176,0.17759903887022813,-0.13422506681837715,0.023832803807736776,0.04842376041376222,-0.5915484992992741,160.5
-0.8279372836776038,2.301072097242078,2.646674617107034,2.6240778091406005,2.7171076634756557,2.4068549450744428,2.6514757450117714,-0.16100012454228474,0.045230335293942,-0.06578060582361571,0.15411242576055814,-0.13709127350798284,0.2976594414918092,-0.1687783080863881,0.4017880566998983,1.6818535764391125,176.21
